psim7,YieldEffect,model
0.171468994140625,-4.317843319798787,WT_Jul_cor100
0.6659660034179687,-0.5665870248882214,WT_Jul_cor100
0.7798820190429687,-0.08778460791953613,WT_Jul_cor100
0.859031005859375,0.050184283107016725,WT_Jul_cor100
0.9149730224609376,0.11104328814501763,WT_Jul_cor100
0.9640960083007812,0.14574456002582714,WT_Jul_cor100
1.004197021484375,0.16532501674826694,WT_Jul_cor100
1.040196044921875,0.17515901171759918,WT_Jul_cor100
1.0713299560546874,0.18279305685264813,WT_Jul_cor100
1.100032958984375,0.18976032240708118,WT_Jul_cor100
1.127363037109375,0.19582423930319592,WT_Jul_cor100
1.1527969970703125,0.19843899410036148,WT_Jul_cor100
1.177406005859375,0.2005302521073764,WT_Jul_cor100
1.2006190185546874,0.20305923742758303,WT_Jul_cor100
1.2224730224609377,0.2040937082408032,WT_Jul_cor100
1.24404296875,0.20438117218888507,WT_Jul_cor100
1.2644610595703123,0.20441785993897454,WT_Jul_cor100
1.2847569580078124,0.20470446124815744,WT_Jul_cor100
1.3031519775390623,0.20509181622027395,WT_Jul_cor100
1.32222900390625,0.20515323837465083,WT_Jul_cor100
1.3405179443359374,0.2053290316285592,WT_Jul_cor100
1.3571400146484376,0.20524618721144083,WT_Jul_cor100
1.3733160400390625,0.2049299067830317,WT_Jul_cor100
1.389873046875,0.20483531948077616,WT_Jul_cor100
1.40629296875,0.20322088561760498,WT_Jul_cor100
1.4225260009765626,0.2035148820064805,WT_Jul_cor100
1.4384150390625,0.20342759100616803,WT_Jul_cor100
1.454616943359375,0.2026466467086463,WT_Jul_cor100
1.4709739990234374,0.20162510567290326,WT_Jul_cor100
1.4874300537109375,0.20095483913916024,WT_Jul_cor100
1.504449951171875,0.19980021580253826,WT_Jul_cor100
1.521531005859375,0.1988137309849396,WT_Jul_cor100
1.5390279541015626,0.19795995539436273,WT_Jul_cor100
1.5565400390625,0.19653211878114263,WT_Jul_cor100
1.5740340576171874,0.19503298234007094,WT_Jul_cor100
1.591427001953125,0.19352715285614863,WT_Jul_cor100
1.608572998046875,0.19148141771380445,WT_Jul_cor100
1.625969970703125,0.18888847433182665,WT_Jul_cor100
1.6440660400390623,0.18555130834988187,WT_Jul_cor100
1.66218603515625,0.18326982159299554,WT_Jul_cor100
1.680259033203125,0.18133743036337702,WT_Jul_cor100
1.6977130126953126,0.17933659131097457,WT_Jul_cor100
1.7148990478515624,0.1765201360259745,WT_Jul_cor100
1.7319659423828124,0.17379538131190575,WT_Jul_cor100
1.7494019775390626,0.17102802947724616,WT_Jul_cor100
1.7657559814453123,0.1681122710010028,WT_Jul_cor100
1.782708984375,0.16454577422861405,WT_Jul_cor100
1.7989000244140625,0.16166486354916376,WT_Jul_cor100
1.815427001953125,0.15907539849929897,WT_Jul_cor100
1.83314599609375,0.15690540990061486,WT_Jul_cor100
1.84979296875,0.153658269357984,WT_Jul_cor100
1.8663280029296876,0.14843112112452594,WT_Jul_cor100
1.883071044921875,0.14532530541033584,WT_Jul_cor100
1.899550048828125,0.14175984279278975,WT_Jul_cor100
1.9162349853515623,0.1378999219258974,WT_Jul_cor100
1.933926025390625,0.13352745243042552,WT_Jul_cor100
1.95131005859375,0.1277069158758879,WT_Jul_cor100
1.9688270263671872,0.12217566913434119,WT_Jul_cor100
1.986748046875,0.11779132856156505,WT_Jul_cor100
2.004875,0.11260329061088203,WT_Jul_cor100
2.0236500244140627,0.10713438455517377,WT_Jul_cor100
2.042300048828125,0.10133874460385517,WT_Jul_cor100
2.0608349609375,0.09354114198336294,WT_Jul_cor100
2.08005810546875,0.0886905228403645,WT_Jul_cor100
2.099802001953125,0.07699318841621405,WT_Jul_cor100
2.1204169921875,0.06389747763476539,WT_Jul_cor100
2.141010986328125,0.052674546994569305,WT_Jul_cor100
2.16150390625,0.04427837827225467,WT_Jul_cor100
2.182054931640625,0.037379348081331365,WT_Jul_cor100
2.2023798828125,0.03050996171589393,WT_Jul_cor100
2.223802978515625,0.017089765535164503,WT_Jul_cor100
2.244205078125,0.007297328169396877,WT_Jul_cor100
2.264611083984375,-0.010597418260756442,WT_Jul_cor100
2.286284912109375,-0.030450852025028396,WT_Jul_cor100
2.308764892578125,-0.05159908722895956,WT_Jul_cor100
2.330902099609375,-0.05957579849387695,WT_Jul_cor100
2.35293310546875,-0.09205934162752438,WT_Jul_cor100
2.37394189453125,-0.12053937256437042,WT_Jul_cor100
2.39697607421875,-0.14480653711212543,WT_Jul_cor100
2.41950390625,-0.15581969829348985,WT_Jul_cor100
2.442719970703125,-0.17181668813388118,WT_Jul_cor100
2.467259033203125,-0.19219582790276313,WT_Jul_cor100
2.49352001953125,-0.20916747292408555,WT_Jul_cor100
2.521321044921875,-0.22495260078776003,WT_Jul_cor100
2.549781005859375,-0.24100566426398817,WT_Jul_cor100
2.58002490234375,-0.252468329907666,WT_Jul_cor100
2.61025,-0.2624790262773038,WT_Jul_cor100
2.641537109375,-0.28054845465231093,WT_Jul_cor100
2.6739560546875,-0.2923546598902762,WT_Jul_cor100
2.7051708984375,-0.30220044587572303,WT_Jul_cor100
2.738945068359375,-0.3170926288998235,WT_Jul_cor100
2.774658935546875,-0.33005471273632647,WT_Jul_cor100
2.815,-0.3443035731492716,WT_Jul_cor100
2.867964111328125,-0.35922150715734613,WT_Jul_cor100
2.9356240234375,-0.38357999706976775,WT_Jul_cor100
3.01564208984375,-0.4064795069739855,WT_Jul_cor100
3.10639794921875,-0.4562011827775758,WT_Jul_cor100
3.22068505859375,-0.4869317685400274,WT_Jul_cor100
3.361952880859375,-0.5603308200842809,WT_Jul_cor100
3.542883056640625,-0.6840998359961801,WT_Jul_cor100
3.899126953125,-1.0585361058910423,WT_Jul_cor100
-0.367330015931795,-0.042719757517886044,WT_Jul_cor40
0.6582416527755768,-0.0050561937457535774,WT_Jul_cor40
0.7984209303729761,-0.001287201821619753,WT_Jul_cor40
0.8901424902490855,0.0024260177851581147,WT_Jul_cor40
0.9589526593360892,0.004606469080353434,WT_Jul_cor40
1.0152476304965372,0.006256348636196868,WT_Jul_cor40
1.0630060762035942,0.007606553198478555,WT_Jul_cor40
1.1054846452459277,0.008754627760920855,WT_Jul_cor40
1.1417441921846896,0.010011333150064645,WT_Jul_cor40
1.17664029330011,0.01054893693744724,WT_Jul_cor40
1.208375049338327,0.01161094228307985,WT_Jul_cor40
1.2384634074751235,0.012268066531953455,WT_Jul_cor40
1.2652432383606702,0.012291671174533635,WT_Jul_cor40
1.2915827577606973,0.012456122281931152,WT_Jul_cor40
1.31627743138767,0.0128426119380943,WT_Jul_cor40
1.339076288194708,0.013014344227517904,WT_Jul_cor40
1.3619212068402182,0.013514712575575911,WT_Jul_cor40
1.383899909787464,0.013666377735148963,WT_Jul_cor40
1.404234814036058,0.014067182296259563,WT_Jul_cor40
1.424160724713058,0.014274301085238576,WT_Jul_cor40
1.4433916545942334,0.014141279229191492,WT_Jul_cor40
1.4630494828669178,0.013888918295574267,WT_Jul_cor40
1.4815556230284517,0.014034118907320065,WT_Jul_cor40
1.499442765820527,0.013883413065340168,WT_Jul_cor40
1.5170030112701147,0.013661770278001792,WT_Jul_cor40
1.5335593150122055,0.013640997900873267,WT_Jul_cor40
1.5501167848997222,0.013609944272140309,WT_Jul_cor40
1.5660618803788386,0.01355180616814955,WT_Jul_cor40
1.5821910340944054,0.01355042443377489,WT_Jul_cor40
1.5981096538041937,0.01346693689656571,WT_Jul_cor40
1.614539373185775,0.013446936508377923,WT_Jul_cor40
1.6300930369274675,0.013667777079004712,WT_Jul_cor40
1.645802506712831,0.013149581434057193,WT_Jul_cor40
1.660649995367455,0.012733710425039416,WT_Jul_cor40
1.6758042227145018,0.012639394103108742,WT_Jul_cor40
1.6904977453272283,0.012620294386002644,WT_Jul_cor40
1.7048814466562985,0.012273859443733208,WT_Jul_cor40
1.7197686799190168,0.01202206006081425,WT_Jul_cor40
1.7338816627032774,0.011646526808135355,WT_Jul_cor40
1.747551301815595,0.01161063041594329,WT_Jul_cor40
1.761806364873702,0.011236094859452088,WT_Jul_cor40
1.7753935223585158,0.011013835175005489,WT_Jul_cor40
1.7894480342615475,0.010720560752053993,WT_Jul_cor40
1.8028109466298328,0.010690884045793832,WT_Jul_cor40
1.817023182155193,0.010335350058023128,WT_Jul_cor40
1.83014101801403,0.009780995969207389,WT_Jul_cor40
1.84328399029158,0.009541890148188799,WT_Jul_cor40
1.8562403110888468,0.009197828011070393,WT_Jul_cor40
1.869913610213044,0.008832314262568051,WT_Jul_cor40
1.883688193351107,0.00885293869465617,WT_Jul_cor40
1.8974512585649288,0.008525345650013151,WT_Jul_cor40
1.911755213160536,0.00826161172683134,WT_Jul_cor40
1.925008960986535,0.007893617899940406,WT_Jul_cor40
1.9385092822649763,0.007485027158375429,WT_Jul_cor40
1.9521394729361088,0.006942837155746173,WT_Jul_cor40
1.9662229945866765,0.006322470682675482,WT_Jul_cor40
1.9799813438372111,0.006028856125693066,WT_Jul_cor40
1.993723505920528,0.005661225419656829,WT_Jul_cor40
2.007611799391934,0.0052792536525557016,WT_Jul_cor40
2.021591118595121,0.004900805564202686,WT_Jul_cor40
2.034766559292865,0.004507493932249924,WT_Jul_cor40
2.0488543223648783,0.0039791091709544466,WT_Jul_cor40
2.063086982767006,0.0037955795197855205,WT_Jul_cor40
2.077637054689445,0.0035938520619428135,WT_Jul_cor40
2.092020560591342,0.0033216975059202417,WT_Jul_cor40
2.106421461540924,0.0028577239800117657,WT_Jul_cor40
2.12145013123191,0.0021952303279872895,WT_Jul_cor40
2.136096077516941,0.0018527110206887076,WT_Jul_cor40
2.150565404696259,0.001154178099723513,WT_Jul_cor40
2.1657814602951495,2.436252660695734e-4,WT_Jul_cor40
2.1810557575092364,-5.742247800696598e-4,WT_Jul_cor40
2.196305676100145,-9.013541939945982e-4,WT_Jul_cor40
2.2124483606968885,-0.0016985335632820966,WT_Jul_cor40
2.2287276076971057,-0.0023329172079120733,WT_Jul_cor40
2.245835285936936,-0.002817853131026407,WT_Jul_cor40
2.2633918180505734,-0.0037385382024244934,WT_Jul_cor40
2.281156533458892,-0.004192783041613371,WT_Jul_cor40
2.2991207892311403,-0.004488131937265216,WT_Jul_cor40
2.316933695443212,-0.005440425089942656,WT_Jul_cor40
2.3361518921844135,-0.006828692902166207,WT_Jul_cor40
2.354819030928637,-0.00862702118835209,WT_Jul_cor40
2.3742606055734825,-0.009885442832474056,WT_Jul_cor40
2.3949954613592057,-0.010719425321425946,WT_Jul_cor40
2.4162994441577137,-0.011833648115975166,WT_Jul_cor40
2.4383399885450587,-0.012834989470840493,WT_Jul_cor40
2.460800283197764,-0.01346064088402471,WT_Jul_cor40
2.4851374791722716,-0.015571890949593551,WT_Jul_cor40
2.510716131903759,-0.017053206640067417,WT_Jul_cor40
2.5370033562795946,-0.018375325659117283,WT_Jul_cor40
2.5650527840425696,-0.02055986262742527,WT_Jul_cor40
2.595074650287601,-0.022569467136014924,WT_Jul_cor40
2.6269765188148795,-0.024428156152343585,WT_Jul_cor40
2.663070291634649,-0.026951632918924256,WT_Jul_cor40
2.700977352237925,-0.02959780328076486,WT_Jul_cor40
2.742979563210605,-0.03121238281542018,WT_Jul_cor40
2.7919218510858843,-0.03369310354469686,WT_Jul_cor40
2.8498675902397665,-0.03895271559534542,WT_Jul_cor40
2.920166110353061,-0.04542535516685672,WT_Jul_cor40
3.0167771333512867,-0.0545858219097623,WT_Jul_cor40
3.1610836637574966,-0.07087494496102326,WT_Jul_cor40
4.260621724944809,-0.12109260039635167,WT_Jul_cor40
-0.186424763325308,-0.03994431124208724,WT_Jul_cor50
0.7290708466708464,-0.010610624510035502,WT_Jul_cor50
0.8687580472010064,0.001221053147803193,WT_Jul_cor50
0.9499497223390776,0.004871216431744256,WT_Jul_cor50
1.0128332591445153,0.007306538941697152,WT_Jul_cor50
1.0649211471256756,0.00982964476684526,WT_Jul_cor50
1.109147041547859,0.011118245252686454,WT_Jul_cor50
1.1486176392289522,0.012732010730225854,WT_Jul_cor50
1.1865286275201787,0.01376670346243631,WT_Jul_cor50
1.2185423108839597,0.014196067418069218,WT_Jul_cor50
1.2477352630829492,0.014818217671030719,WT_Jul_cor50
1.2749064486388249,0.014986243949911368,WT_Jul_cor50
1.3002580818371203,0.016154753423181373,WT_Jul_cor50
1.324936792086442,0.01691651328183294,WT_Jul_cor50
1.3482981387887936,0.01814513539490055,WT_Jul_cor50
1.3703086149717003,0.01836383367276459,WT_Jul_cor50
1.3912115286101951,0.01810251927309329,WT_Jul_cor50
1.4116115822560236,0.018391336840241523,WT_Jul_cor50
1.4310596137642806,0.018546709012253394,WT_Jul_cor50
1.4499239162655315,0.01855628997300668,WT_Jul_cor50
1.4679388836662788,0.018836405150296526,WT_Jul_cor50
1.4848473041065993,0.01875492585071322,WT_Jul_cor50
1.502293556152988,0.018763465287451334,WT_Jul_cor50
1.5199310730372035,0.018944799227717406,WT_Jul_cor50
1.5360489285772538,0.018571869071083255,WT_Jul_cor50
1.5521376212191969,0.018154818527883435,WT_Jul_cor50
1.5674999861139636,0.017951918295303494,WT_Jul_cor50
1.5826540400629476,0.01801891310204088,WT_Jul_cor50
1.5975531325760468,0.017904574438792988,WT_Jul_cor50
1.6129953633146816,0.0175869534071822,WT_Jul_cor50
1.6268899052632064,0.017285880773631336,WT_Jul_cor50
1.6414052536880823,0.016937215957148782,WT_Jul_cor50
1.656131936471184,0.016650409056993047,WT_Jul_cor50
1.670459646451025,0.016275668677977292,WT_Jul_cor50
1.6845485621540173,0.01648357417595213,WT_Jul_cor50
1.6985190722019832,0.016148418596157794,WT_Jul_cor50
1.7122764614010242,0.016083794949928586,WT_Jul_cor50
1.726008323589968,0.01508149588559559,WT_Jul_cor50
1.7393573979233006,0.014678174207623164,WT_Jul_cor50
1.7522256966111065,0.01444836280160728,WT_Jul_cor50
1.7661553843851086,0.014448648610385834,WT_Jul_cor50
1.778732482175041,0.014113557714183739,WT_Jul_cor50
1.792801828596047,0.0138895208261837,WT_Jul_cor50
1.8059903214056865,0.013663810895907402,WT_Jul_cor50
1.8186094344019137,0.013363611748082635,WT_Jul_cor50
1.831348464611162,0.013264478099433354,WT_Jul_cor50
1.844297783166527,0.012895668110807793,WT_Jul_cor50
1.857010378022513,0.012523777659690233,WT_Jul_cor50
1.870271826699937,0.012509154428136854,WT_Jul_cor50
1.8829872483639505,0.011846134064572508,WT_Jul_cor50
1.895390911802256,0.0113195425146259,WT_Jul_cor50
1.9085049463850288,0.010829595797652934,WT_Jul_cor50
1.9211946118427423,0.01050818830512211,WT_Jul_cor50
1.933747701539904,0.0100087658271647,WT_Jul_cor50
1.9467595679747003,0.009575470521590024,WT_Jul_cor50
1.959694280878444,0.00946486240557768,WT_Jul_cor50
1.9724248546223204,0.008747070348960773,WT_Jul_cor50
1.985140329384982,0.007978423927773544,WT_Jul_cor50
1.9981861195725112,0.007491467244361838,WT_Jul_cor50
2.0113605739216025,0.0068015143724714025,WT_Jul_cor50
2.024465282044629,0.006292104786842778,WT_Jul_cor50
2.0376888822248165,0.005126118251552167,WT_Jul_cor50
2.0509891393911457,0.004541903484484758,WT_Jul_cor50
2.0642929282742353,0.0041707835697653226,WT_Jul_cor50
2.0780053507416247,0.00416877723175163,WT_Jul_cor50
2.091879898865704,0.003563846276805102,WT_Jul_cor50
2.106661486725264,0.0026162064062481144,WT_Jul_cor50
2.1209489046679053,0.0022258960453511514,WT_Jul_cor50
2.1358431279110386,0.0013444747461798662,WT_Jul_cor50
2.1502453113150697,0.00042634038510295375,WT_Jul_cor50
2.165708566466326,-1.4825697613759375e-4,WT_Jul_cor50
2.1808764673458283,-0.002575595507101902,WT_Jul_cor50
2.1967941682593293,-0.0023313783871140095,WT_Jul_cor50
2.2125128304080928,-0.003381267941674787,WT_Jul_cor50
2.227821247432054,-0.005236491664567584,WT_Jul_cor50
2.244493444725226,-0.006215960577355642,WT_Jul_cor50
2.2611506021302725,-0.0076265150830076706,WT_Jul_cor50
2.2781073671660375,-0.008446420083825797,WT_Jul_cor50
2.295189424355504,-0.00984308915588146,WT_Jul_cor50
2.312869967994832,-0.011234132087675219,WT_Jul_cor50
2.331717137772878,-0.011678619676211498,WT_Jul_cor50
2.350373941501786,-0.012811755314769878,WT_Jul_cor50
2.369754589043012,-0.014111680185101436,WT_Jul_cor50
2.3895395556401167,-0.015362624285269976,WT_Jul_cor50
2.410272166929372,-0.01679041637809513,WT_Jul_cor50
2.432578212028707,-0.018310175369700015,WT_Jul_cor50
2.454737747059203,-0.020318487345048823,WT_Jul_cor50
2.4785073627835725,-0.022156520100088097,WT_Jul_cor50
2.502958808680076,-0.023657123640304163,WT_Jul_cor50
2.528865290857442,-0.026149099834889483,WT_Jul_cor50
2.5569800095868693,-0.029141618730873255,WT_Jul_cor50
2.588335545486254,-0.03180169288991788,WT_Jul_cor50
2.6217462245617313,-0.03470893436994955,WT_Jul_cor50
2.6608085448265286,-0.038904698838988915,WT_Jul_cor50
2.702075379194335,-0.04198134883607813,WT_Jul_cor50
2.7493640230117005,-0.04578949077287626,WT_Jul_cor50
2.8055768240430066,-0.051778977012016475,WT_Jul_cor50
2.876606128075697,-0.05936834933669855,WT_Jul_cor50
2.9688781537994005,-0.07084896379566882,WT_Jul_cor50
3.111041705840897,-0.09066560661982179,WT_Jul_cor50
4.129905324072937,-0.17473559664858068,WT_Jul_cor50
-0.06703593262660412,-0.06606862604146305,WT_Jul_cor60
0.8030483729517366,-0.015474983107570596,WT_Jul_cor60
0.9293260046793026,-0.004626236262734312,WT_Jul_cor60
1.0066083302812896,0.0020515674564397235,WT_Jul_cor60
1.065573910939761,0.005318568238856319,WT_Jul_cor60
1.1142031146957718,0.010093845923593928,WT_Jul_cor60
1.1561386120285833,0.013867769140244388,WT_Jul_cor60
1.192582022492807,0.016654458074347817,WT_Jul_cor60
1.225759932874679,0.017785923544659854,WT_Jul_cor60
1.254423082744165,0.018836557696628245,WT_Jul_cor60
1.2824821067892884,0.020162284208129697,WT_Jul_cor60
1.308473913363824,0.021404530441105338,WT_Jul_cor60
1.3330685286204762,0.022547588810160196,WT_Jul_cor60
1.3560907519116294,0.023609668885732543,WT_Jul_cor60
1.377814031131364,0.02471265891264772,WT_Jul_cor60
1.3985193694843827,0.025317744396992248,WT_Jul_cor60
1.4181222222332306,0.026113791555730376,WT_Jul_cor60
1.4374132775615969,0.02617770168932329,WT_Jul_cor60
1.455973462372262,0.02595220385295012,WT_Jul_cor60
1.4734745603887809,0.02625348434360139,WT_Jul_cor60
1.491216834029215,0.026182310335619477,WT_Jul_cor60
1.5088868492676852,0.02637785918675209,WT_Jul_cor60
1.5246872513503131,0.02631411669174759,WT_Jul_cor60
1.5395691670964888,0.026183968424062565,WT_Jul_cor60
1.5551435240669036,0.026176768576621254,WT_Jul_cor60
1.569896859002729,0.025939666671092237,WT_Jul_cor60
1.5843430563562824,0.025969457039803898,WT_Jul_cor60
1.5993441000248247,0.025774555069517535,WT_Jul_cor60
1.613399541192499,0.025595109032121713,WT_Jul_cor60
1.6276706869030924,0.025833441000235866,WT_Jul_cor60
1.6416108205881097,0.025628450791747914,WT_Jul_cor60
1.655614116463164,0.025453385465474862,WT_Jul_cor60
1.6694830381891563,0.025228587163860783,WT_Jul_cor60
1.6823827674032994,0.02490283039371459,WT_Jul_cor60
1.6948887519546552,0.02440375701341009,WT_Jul_cor60
1.7082196771971936,0.02444669375215297,WT_Jul_cor60
1.7212574452831946,0.02420988470167304,WT_Jul_cor60
1.7333023642057634,0.023890607670781383,WT_Jul_cor60
1.7455164976318454,0.02381820594856389,WT_Jul_cor60
1.7577965646332523,0.023535436163680132,WT_Jul_cor60
1.7705125388723637,0.023837510471467704,WT_Jul_cor60
1.7825894223476138,0.02348834128226583,WT_Jul_cor60
1.7948763494988866,0.0234560271158359,WT_Jul_cor60
1.8074640588549995,0.023342233153094916,WT_Jul_cor60
1.8199925345179049,0.022869361287544965,WT_Jul_cor60
1.8323568293773809,0.022213115461582736,WT_Jul_cor60
1.8439355878391681,0.02104980336518253,WT_Jul_cor60
1.856140321433756,0.019918646387836567,WT_Jul_cor60
1.8682433673244387,0.01951373948980227,WT_Jul_cor60
1.8806208437836,0.019281062967948695,WT_Jul_cor60
1.892723448767975,0.018604679204321392,WT_Jul_cor60
1.9047310452573225,0.017859984781042892,WT_Jul_cor60
1.9168405414303649,0.016920109557743673,WT_Jul_cor60
1.929737614907199,0.01663113003660721,WT_Jul_cor60
1.9418917013848311,0.01601851381664822,WT_Jul_cor60
1.954183973579704,0.014584485547165793,WT_Jul_cor60
1.9665710956133264,0.01355476582608904,WT_Jul_cor60
1.9789607149994837,0.013021535060908751,WT_Jul_cor60
1.9915306258346743,0.01236556273747337,WT_Jul_cor60
2.004289252257312,0.011337562119584088,WT_Jul_cor60
2.01734932775599,0.01051604810932498,WT_Jul_cor60
2.0300033525449876,0.009376590420670822,WT_Jul_cor60
2.042378837956774,0.008826134631215718,WT_Jul_cor60
2.055213240350327,0.008104158091020566,WT_Jul_cor60
2.068624285025352,0.006663908720647288,WT_Jul_cor60
2.0817245538995337,0.004965602083599058,WT_Jul_cor60
2.095034521691062,0.003288525006588952,WT_Jul_cor60
2.108347156846829,0.0010649834608249392,WT_Jul_cor60
2.121792118252045,2.584422755785992e-4,WT_Jul_cor60
2.1355421458758603,-0.0021166502705041307,WT_Jul_cor60
2.149362162443328,-0.0038999593911425157,WT_Jul_cor60
2.1639669489013005,-0.006133727602278406,WT_Jul_cor60
2.1783566985836096,-0.00805952720805081,WT_Jul_cor60
2.1926641122919905,-0.009530876753173989,WT_Jul_cor60
2.2079003252808205,-0.011218317064840617,WT_Jul_cor60
2.223384967604301,-0.012853376601590354,WT_Jul_cor60
2.2388514949537814,-0.013853609023276751,WT_Jul_cor60
2.2547267500090538,-0.01547889372970334,WT_Jul_cor60
2.270636380303384,-0.016597679957201378,WT_Jul_cor60
2.287780644740067,-0.018359487685907762,WT_Jul_cor60
2.3053705642203144,-0.020720505377622177,WT_Jul_cor60
2.3231207110129644,-0.021918737380157344,WT_Jul_cor60
2.341603631304269,-0.023626246783144123,WT_Jul_cor60
2.3613181976824613,-0.02555830257734261,WT_Jul_cor60
2.38164698495413,-0.027169187477012836,WT_Jul_cor60
2.4031680946182967,-0.029520370678005302,WT_Jul_cor60
2.425297000896644,-0.032353647478776226,WT_Jul_cor60
2.447763112728478,-0.035132085472930466,WT_Jul_cor60
2.47148684333178,-0.03744317505968074,WT_Jul_cor60
2.4976700302145995,-0.0395512164644244,WT_Jul_cor60
2.526589673362469,-0.042857516146845284,WT_Jul_cor60
2.5567056785990308,-0.04716488634760907,WT_Jul_cor60
2.5881038433709698,-0.05096864214248491,WT_Jul_cor60
2.621750578455603,-0.054587122810276,WT_Jul_cor60
2.661013838468844,-0.05991560714667957,WT_Jul_cor60
2.7070046993090364,-0.0663417184892804,WT_Jul_cor60
2.7604706875405123,-0.07495939426425692,WT_Jul_cor60
2.8260654305258983,-0.08231814767316972,WT_Jul_cor60
2.9172922110460284,-0.09334559368513312,WT_Jul_cor60
3.0553316623176636,-0.12379485438654564,WT_Jul_cor60
3.953754500776367,-0.19039042177407312,WT_Jul_cor60
-0.03688176593993031,-0.13863104706611645,WT_Jul_cor70
0.8880543250645003,-0.028181788566640206,WT_Jul_cor70
0.9970647112155308,-0.0022388204997507155,WT_Jul_cor70
1.0689716483308311,0.006477732397941138,WT_Jul_cor70
1.125324113211188,0.012634880835274004,WT_Jul_cor70
1.1688501057398408,0.020971408038210043,WT_Jul_cor70
1.2072291853398245,0.02647063917648132,WT_Jul_cor70
1.2393326586036912,0.02905827671666275,WT_Jul_cor70
1.2703030425546755,0.03240595766333851,WT_Jul_cor70
1.296256779233249,0.03383990562493769,WT_Jul_cor70
1.3226737523009937,0.03490539438317941,WT_Jul_cor70
1.3455774794292197,0.0364387789085667,WT_Jul_cor70
1.3678514086149829,0.03783939473352382,WT_Jul_cor70
1.3893397612835985,0.0389984643957407,WT_Jul_cor70
1.409685205135338,0.04143291553351364,WT_Jul_cor70
1.4279299752722232,0.042315001007043884,WT_Jul_cor70
1.4468857709591678,0.043305623605431054,WT_Jul_cor70
1.4644841064480456,0.04429423310954808,WT_Jul_cor70
1.4809985497427456,0.04460144169583391,WT_Jul_cor70
1.497253206112768,0.04461534664457534,WT_Jul_cor70
1.5132096668002928,0.04496052694462915,WT_Jul_cor70
1.5282776479412297,0.045551475923055446,WT_Jul_cor70
1.5427427990565437,0.04484756430785905,WT_Jul_cor70
1.5566483114230627,0.04454599075784885,WT_Jul_cor70
1.570871293044127,0.0448655838184146,WT_Jul_cor70
1.5849401887047982,0.044885143796465715,WT_Jul_cor70
1.5980303656635275,0.04529313444404498,WT_Jul_cor70
1.612097329952464,0.04525310561154508,WT_Jul_cor70
1.6252982172904449,0.04533161656323195,WT_Jul_cor70
1.6379634121466684,0.04494522241827187,WT_Jul_cor70
1.6507848543280057,0.04446540931767931,WT_Jul_cor70
1.6642248651933005,0.044432956498106524,WT_Jul_cor70
1.6769550778447326,0.04384464519329265,WT_Jul_cor70
1.6895668140254012,0.043314296307367384,WT_Jul_cor70
1.701465423896482,0.04296886639356062,WT_Jul_cor70
1.7135252977119593,0.04239138816185184,WT_Jul_cor70
1.7256602671519716,0.04199962494163492,WT_Jul_cor70
1.7377271193218888,0.04076334829866976,WT_Jul_cor70
1.7500044622760502,0.03923704680115009,WT_Jul_cor70
1.762078730041625,0.038481442726973986,WT_Jul_cor70
1.7735499030796522,0.03778186625971272,WT_Jul_cor70
1.7849267667823925,0.037210829923293026,WT_Jul_cor70
1.7968021750455376,0.036535302624449206,WT_Jul_cor70
1.8087958855354924,0.035975503762144756,WT_Jul_cor70
1.8202788176156943,0.035693897358988036,WT_Jul_cor70
1.8314623230277476,0.034510157341938325,WT_Jul_cor70
1.8429961965092587,0.032947494481909034,WT_Jul_cor70
1.8543458486582347,0.03198422233848361,WT_Jul_cor70
1.8656849697987756,0.03132821053771423,WT_Jul_cor70
1.8772119711137412,0.029914484069030384,WT_Jul_cor70
1.8885521480944003,0.029007739896352247,WT_Jul_cor70
1.8999971748338085,0.028284190552057886,WT_Jul_cor70
1.911704013696742,0.02742536092927994,WT_Jul_cor70
1.922935237322845,0.02670279465509942,WT_Jul_cor70
1.9339051783796,0.025566666481742523,WT_Jul_cor70
1.9455999974371232,0.0244675851209947,WT_Jul_cor70
1.957368775589144,0.02273466827366985,WT_Jul_cor70
1.9698061957933957,0.02083819918512414,WT_Jul_cor70
1.9819861979374536,0.018821303725442134,WT_Jul_cor70
1.9939461181223457,0.01641815296355123,WT_Jul_cor70
2.006053675222588,0.013788320271688664,WT_Jul_cor70
2.0178355933265677,0.009814871680162623,WT_Jul_cor70
2.0299621608997462,0.007638866945104961,WT_Jul_cor70
2.0423250900136853,0.005333091920614236,WT_Jul_cor70
2.054533157376526,0.002069820546734047,WT_Jul_cor70
2.0675961248083112,2.9189932138395935e-4,WT_Jul_cor70
2.0802085940432335,-0.0016738009173587198,WT_Jul_cor70
2.0932077805820577,-0.0038066959779343157,WT_Jul_cor70
2.106325524620073,-0.0063442165600076095,WT_Jul_cor70
2.119003038054725,-0.007249242156375818,WT_Jul_cor70
2.132516896491602,-0.008506421206469827,WT_Jul_cor70
2.1463927694708653,-0.009878847976294153,WT_Jul_cor70
2.1596597541759133,-0.012392954473662149,WT_Jul_cor70
2.173480000828265,-0.014515690978418455,WT_Jul_cor70
2.188223427786716,-0.017691631852503997,WT_Jul_cor70
2.203712310470549,-0.021634706886318994,WT_Jul_cor70
2.218465899221313,-0.024412960510140164,WT_Jul_cor70
2.234333730551697,-0.02657133187231077,WT_Jul_cor70
2.250343785245601,-0.028249885554610804,WT_Jul_cor70
2.2663927088716855,-0.03206239433648285,WT_Jul_cor70
2.283042549115207,-0.03563115068316913,WT_Jul_cor70
2.300371073200107,-0.0384144304741216,WT_Jul_cor70
2.317931232595525,-0.04063595909516053,WT_Jul_cor70
2.3376099435256243,-0.043210600223004325,WT_Jul_cor70
2.357177969842734,-0.04548759137935411,WT_Jul_cor70
2.377131613077213,-0.0517159181375826,WT_Jul_cor70
2.397562983427388,-0.05547788962223764,WT_Jul_cor70
2.420020866825294,-0.058859573692264466,WT_Jul_cor70
2.4436052077759154,-0.06318008179249297,WT_Jul_cor70
2.4685978470307526,-0.06810737852954477,WT_Jul_cor70
2.4947030315107046,-0.07216206320347852,WT_Jul_cor70
2.523532845780859,-0.07862900210243985,WT_Jul_cor70
2.554677473167984,-0.08421505417737288,WT_Jul_cor70
2.5874188285596436,-0.09050654523860417,WT_Jul_cor70
2.6254633143285284,-0.09809424762531717,WT_Jul_cor70
2.6696952455384184,-0.10820929670410229,WT_Jul_cor70
2.7213693879323073,-0.11994664500961864,WT_Jul_cor70
2.78496158991842,-0.1321886225976032,WT_Jul_cor70
2.8652764293299735,-0.1465958276738302,WT_Jul_cor70
2.998073212715558,-0.17128214271597927,WT_Jul_cor70
3.9333712647731462,-0.2976291842546305,WT_Jul_cor70
0.34030767055792666,-0.19464187554909201,WT_Jul_cor80
0.974269278379824,-0.06537342645952604,WT_Jul_cor80
1.073270189053985,-0.019213429438227125,WT_Jul_cor80
1.1341770315621558,0.007393494003455209,WT_Jul_cor80
1.1828504986478516,0.023289326581042963,WT_Jul_cor80
1.2228022965626024,0.03503471893817847,WT_Jul_cor80
1.254928178457193,0.04004170443854105,WT_Jul_cor80
1.284514285041244,0.044586294914865515,WT_Jul_cor80
1.3120132751059277,0.047512177061010186,WT_Jul_cor80
1.3361905424789144,0.05097443110135355,WT_Jul_cor80
1.359786779655287,0.05302580586141653,WT_Jul_cor80
1.3815249819707716,0.05469810513486684,WT_Jul_cor80
1.4009490627484973,0.055721925736558375,WT_Jul_cor80
1.4195301422271065,0.05745471591973417,WT_Jul_cor80
1.4376224009437972,0.05879989885354714,WT_Jul_cor80
1.454888142557032,0.0601195661840373,WT_Jul_cor80
1.4715228684985648,0.0622278872267531,WT_Jul_cor80
1.4870453523051934,0.06295688022081397,WT_Jul_cor80
1.5020613396371083,0.0631148629720707,WT_Jul_cor80
1.517489133522996,0.06293730500723954,WT_Jul_cor80
1.5316839031899898,0.0632311675271307,WT_Jul_cor80
1.5452414075290613,0.06421454995615089,WT_Jul_cor80
1.5586599625344122,0.06408174981652465,WT_Jul_cor80
1.5723491921106016,0.06397634078309128,WT_Jul_cor80
1.5858137686546308,0.0636185016634892,WT_Jul_cor80
1.599100230776581,0.06383556418552794,WT_Jul_cor80
1.6115178511471635,0.06352612901804844,WT_Jul_cor80
1.6234221880229316,0.06358978346246413,WT_Jul_cor80
1.6356484083316525,0.06348058214249613,WT_Jul_cor80
1.647947371393896,0.06277508862389547,WT_Jul_cor80
1.6596547926139034,0.0627596764237427,WT_Jul_cor80
1.6713385367832876,0.0626490068657467,WT_Jul_cor80
1.6833264056303232,0.06210907086816603,WT_Jul_cor80
1.6952193295967355,0.061258741395719685,WT_Jul_cor80
1.7060843349738668,0.06082209449328635,WT_Jul_cor80
1.7178348452710723,0.06039618154412696,WT_Jul_cor80
1.7288698692066522,0.05973938695111708,WT_Jul_cor80
1.7405489268549847,0.058770695490788505,WT_Jul_cor80
1.751338927546892,0.058046804347434366,WT_Jul_cor80
1.7622123571767052,0.05751699301543245,WT_Jul_cor80
1.7725385127760676,0.05681575352204776,WT_Jul_cor80
1.783582179875112,0.05499043488268032,WT_Jul_cor80
1.7951077388543673,0.05442348561594623,WT_Jul_cor80
1.806169677786959,0.053458576143511516,WT_Jul_cor80
1.8173839811873935,0.05217901835583311,WT_Jul_cor80
1.8280584543389569,0.051379627520241694,WT_Jul_cor80
1.8387437319879103,0.04952433857770777,WT_Jul_cor80
1.8494692656210543,0.04826445991119965,WT_Jul_cor80
1.8602643811431052,0.04726003867732603,WT_Jul_cor80
1.871401022920601,0.046104196908794415,WT_Jul_cor80
1.8824231759494596,0.04515146575358764,WT_Jul_cor80
1.8932985561262996,0.04271037537840586,WT_Jul_cor80
1.9047257519667535,0.040699448433021146,WT_Jul_cor80
1.915919656957205,0.0399557409775943,WT_Jul_cor80
1.9273326380992004,0.037869751250111466,WT_Jul_cor80
1.9384197985366172,0.03666266478536154,WT_Jul_cor80
1.9498522661630535,0.03465542757387899,WT_Jul_cor80
1.961312688925984,0.03255024666181422,WT_Jul_cor80
1.972462940495393,0.030934109349800426,WT_Jul_cor80
1.9839978194271024,0.02947780432872632,WT_Jul_cor80
1.9955234149086216,0.02776917323094752,WT_Jul_cor80
2.006929875450989,0.025796557412007648,WT_Jul_cor80
2.01841890257655,0.022472987411366607,WT_Jul_cor80
2.0301295109627557,0.020576961585447057,WT_Jul_cor80
2.04222497101082,0.018366658523131518,WT_Jul_cor80
2.0542423237455947,0.014897909734395365,WT_Jul_cor80
2.0667540172426335,0.010207612963353624,WT_Jul_cor80
2.0794715617221606,0.004898867895559711,WT_Jul_cor80
2.0926034576663763,-2.8421545821649685e-4,WT_Jul_cor80
2.1050521232451365,-0.004810332712994941,WT_Jul_cor80
2.1183073082036037,-0.010304107783253469,WT_Jul_cor80
2.1314475027907944,-0.014072329096226438,WT_Jul_cor80
2.144784729098644,-0.022669225359952083,WT_Jul_cor80
2.158343983381622,-0.02763693745579507,WT_Jul_cor80
2.172512006390809,-0.03135930025634143,WT_Jul_cor80
2.186815457580964,-0.03399191658622577,WT_Jul_cor80
2.2014089278031914,-0.0374047786283514,WT_Jul_cor80
2.216083301446547,-0.04125639733080319,WT_Jul_cor80
2.2315971101658585,-0.044424516259493146,WT_Jul_cor80
2.2470187293395716,-0.048222104793091275,WT_Jul_cor80
2.262815721152242,-0.053188279552363465,WT_Jul_cor80
2.2793849506143067,-0.05881929828694579,WT_Jul_cor80
2.296516308175923,-0.06320012758573765,WT_Jul_cor80
2.3143328681180857,-0.0666274332811139,WT_Jul_cor80
2.332949547891862,-0.0705265917670795,WT_Jul_cor80
2.3513082533258665,-0.0763878887649176,WT_Jul_cor80
2.3713643585560154,-0.0814658879531812,WT_Jul_cor80
2.3925333306142447,-0.088742755569947,WT_Jul_cor80
2.4143558861436434,-0.09676519561174791,WT_Jul_cor80
2.4382091610683156,-0.10379054537542513,WT_Jul_cor80
2.463776660112167,-0.11024331481569805,WT_Jul_cor80
2.491986735907215,-0.11631840841261733,WT_Jul_cor80
2.5217901789887303,-0.12665952784322104,WT_Jul_cor80
2.555514661247663,-0.1351207439527614,WT_Jul_cor80
2.592435030071345,-0.1474174594699623,WT_Jul_cor80
2.635781046750818,-0.15857030565832506,WT_Jul_cor80
2.6844254978488893,-0.17186693486189575,WT_Jul_cor80
2.746145410858681,-0.19541829161530602,WT_Jul_cor80
2.8253292422160396,-0.21768064603690934,WT_Jul_cor80
2.9484148804053083,-0.26240724202345395,WT_Jul_cor80
3.7934886965841215,-0.42163277784281944,WT_Jul_cor80
